job_name,experience,education,salary,other,detail_url,company_name,type,numbers,location,words
java开发工程师,3-5年,大专,1.3万-2万,暂无信息,http://jobs.zhaopin.com/CCL1349315790J40360084903.htm?refcode=4019&srccode=&preactionid=,上海碳信智成信息技术有限公司,民营,100-299人,上海-宝山,"Java,PHP,SQL"
java高级开发工程师,3-5年,本科,1.7万-2万,13薪,http://jobs.zhaopin.com/CC602893220J40453666813.htm?refcode=4019&srccode=&preactionid=,上海迈利船舶科技有限公司,民营,20-99人,上海-浦东,"SpringBoot,Tomcat,Docker,Spark,后端开发,PostgreSQL,MySQL,HBase"
高级java开发工程师,3-5年,本科,1.2万-1.7万,暂无信息,http://jobs.zhaopin.com/CC417331780J40431364303.htm?refcode=4019&srccode=&preactionid=,上海汉朔信息科技有限公司,民营,1000-9999人,上海-浦东,"后端开发,SpringBoot,SpringCloud,SpringMVC,Netty"
java开发工程师（阿里云/双休）,3-5年,本科,2万-3万,暂无信息,http://jobs.zhaopin.com/CC702648730J40519243608.htm?refcode=4019&srccode=&preactionid=,胜通和科技有限公司广州分公司,国企,10000人以上,上海-徐汇,
中高级java工程师（驻场-上清所）,5-10年,本科,1.7万-1.9万,暂无信息,http://jobs.zhaopin.com/CC143316920J40441898704.htm?refcode=4019&srccode=&preactionid=,赢时胜,民营,1000-9999人,上海-黄浦,后端开发
java开发工程师中级,1-3年,大专,1万-1.2万,暂无信息,http://jobs.zhaopin.com/CC478419510J40514180103.htm?refcode=4019&srccode=&preactionid=,华研信息技术(上海)有限公司,民营,20-99人,上海-徐汇,"Java,SQL"
java开发工程师,1-3年,本科,1.7万-2.5万,13薪,http://jobs.zhaopin.com/CC659427680J40502105703.htm?refcode=4019&srccode=&preactionid=,上海勇心网络科技有限公司,民营,20-99人,上海-嘉定,
java后端开发工程师,3-5年,本科,1.3万-1.5万,暂无信息,http://jobs.zhaopin.com/CC511201620J40463603001.htm?refcode=4019&srccode=&preactionid=,燕梭金融信息科技(上海)有限公司,民营,100-299人,上海-浦东,"Oracle,MySQL,PostgreSQL,HBase,微服务,Hive,LINUM,Spring"
java (外企项目）,3-5年,本科,1.5万-2.2万,暂无信息,http://jobs.zhaopin.com/CC822884050J40475242304.htm?refcode=4019&srccode=&preactionid=,大连众和众科技有限公司,民营,100-299人,上海-浦东,"AWS,前端开发,CI/CD,云开发"
java/c++/c/python/js/php/测试/线上面试,经验不限,本科,1.5万-3万,暂无信息,http://jobs.zhaopin.com/CC138117190J40432417705.htm?refcode=4019&srccode=&preactionid=,外企德科,合资,1000-9999人,上海-浦东,
java后端工程师,3-5年,大专,1.3万-1.5万,暂无信息,http://jobs.zhaopin.com/CC511201620J40535697401.htm?refcode=4019&srccode=&preactionid=,燕梭金融信息科技(上海)有限公司,民营,100-299人,上海-浦东,"Oracle,MySQL,存储过程,项目管理"
java开发工程师,1-3年,大专,1万-1.5万,暂无信息,http://jobs.zhaopin.com/CCL1301791860J40090174315.htm?refcode=4019&srccode=&preactionid=,上海菁淇信息科技有限公司,合资,100-299人,上海,Java
java-上海,3-5年,本科,1.1万-1.3万,暂无信息,http://jobs.zhaopin.com/CC000544460J40499789016.htm?refcode=4019&srccode=&preactionid=,软通动力信息技术(集团)股份有限公司,民营,10000人以上,上海-青浦,"Spring,Redis"
初级java开发工程师,3-5年,本科,1.3万-1.7万,暂无信息,http://jobs.zhaopin.com/CC440199980J40532167907.htm?refcode=4019&srccode=&preactionid=,北京众策科技咨询有限公司,民营,20-99人,上海-浦东,"Python,Javascript,Java,Spring,MySQL,CET6,英语口语流利"
java开发工程师,3-5年,本科,1.4万-1.6万,暂无信息,http://jobs.zhaopin.com/CC297246020J40546252114.htm?refcode=4019&srccode=&preactionid=,上海坤亿信息技术有限公司,民营,20-99人,上海-杨浦,"Spring,MySQL"
java初级中级高级开发工程师,3-5年,大专,9千-1.6万,暂无信息,http://jobs.zhaopin.com/CC120160390J40242638316.htm?refcode=4019&srccode=&preactionid=,中科软科技股份有限公司,股份制企业,1000-9999人,上海-徐汇,"Java,Spring,Servlet,MyBatis,SpringCloud,SpringBoot,Mybatis,Oracle"
java开发工程师,5-10年,本科,2万-3万,暂无信息,http://jobs.zhaopin.com/CC702648730J40514076408.htm?refcode=4019&srccode=&preactionid=,胜通和科技有限公司广州分公司,国企,10000人以上,上海-徐汇,
工业4.0所-java 工程师,3-5年,本科,1.5万-2万,暂无信息,http://jobs.zhaopin.com/CC696844420J40435808112.htm?refcode=4019&srccode=&preactionid=,清华大学天津高端装备研究院,事业单位,100-299人,上海-金山,不限
上海java,3-5年,本科,1.5万-1.6万,暂无信息,http://jobs.zhaopin.com/CC490841330J40514859009.htm?refcode=4019&srccode=&preactionid=,易诚互动,股份制企业,1000-9999人,上海-浦东,
java开发工程师,3-5年,本科,1.5万-2.5万,13薪,http://jobs.zhaopin.com/CC659427680J40509575703.htm?refcode=4019&srccode=&preactionid=,上海勇心网络科技有限公司,民营,20-99人,上海-静安,"Java,Spring,MySQL,Mybatis,五险一金,年终奖,Dubbo,Redis,SPRINGMVC"
java中级开发工程师,3-5年,大专,1.1万-1.2万,暂无信息,http://jobs.zhaopin.com/CC120068964J00593826001.htm?refcode=4019&srccode=&preactionid=,软中信息,国企,100-299人,上海-浦东,"SPRINGMVC,SPRINGBOOT"
java开发,3-5年,大专,1.4万-1.6万,暂无信息,http://jobs.zhaopin.com/CC297246020J40556004814.htm?refcode=4019&srccode=&preactionid=,上海坤亿信息技术有限公司,民营,20-99人,上海-杨浦,"Java,Spring,MySQL"
java开发工程师（上海）,3-5年,本科,1.2万-1.4万,暂无信息,http://jobs.zhaopin.com/CC142971790J40497489311.htm?refcode=4019&srccode=&preactionid=,南京迈特望科技股份有限公司,股份制企业,1000-9999人,上海-浦东,"云原生,OPENGUASS,TXSQL"
高级java开发工程师（学信网）,5-10年,本科,1.6万-2万,暂无信息,http://jobs.zhaopin.com/CC585923020J40498998003.htm?refcode=4019&srccode=&preactionid=,北京开科唯识技术股份有限公司深圳分公司,股份制企业,1000-9999人,上海-浦东,"SpringBoot,SpringCloud,SpringMVC,后端开发,Redis,MySQL,SQLServer"
java开发工程师,3-5年,大专,1万-1.8万,暂无信息,http://jobs.zhaopin.com/CC138873790J40462174409.htm?refcode=4019&srccode=&preactionid=,上海登飞计算机科技有限公司,合资,20-99人,上海-徐汇,"Spring,SpringMVC,MySQL,SpringBoot,Oracle"
java js python c++ 测试 运维（试用期全薪 接受应届生 线上面试）,经验不限,本科,1.5万-3万,暂无信息,http://jobs.zhaopin.com/CC138117190J40428009105.htm?refcode=4019&srccode=&preactionid=,外企德科,合资,1000-9999人,上海-浦东,Java
高级java工程师,3-5年,本科,1.5万-2.5万,暂无信息,http://jobs.zhaopin.com/CC385622410J40491515406.htm?refcode=4019&srccode=&preactionid=,深圳市法本信息技术股份有限公司,上市公司,1000-9999人,上海-浦东,
java软件开发工程师,5-10年,大专,1.2万-1.8万,暂无信息,http://jobs.zhaopin.com/CCL1211142100J40486331106.htm?refcode=4019&srccode=&preactionid=,深圳智蛋科技有限公司,民营,100-299人,上海-浦东,"MySQL,Redis,后端开发,SpringBoot,SpringCloud,SpringMVC"
java开发工程师,3-5年,本科,1.2万-2万,暂无信息,http://jobs.zhaopin.com/CC120143600J40346264515.htm?refcode=4019&srccode=&preactionid=,浪潮集团,国企,10000人以上,上海-浦东,"后端开发,Hadoop,HTML5,Java,MySQL,SpringBoot,SpringCloud,JavaScript"
java开发工程师,3-5年,本科,1万-1.5万,暂无信息,http://jobs.zhaopin.com/CC431575010J40100388807.htm?refcode=4019&srccode=&preactionid=,上海派森诺生物科技股份有限公司,民营,500-999人,上海-徐汇,"Java,Oracle,MySQL,Redis,SpringBoot,SpringCloud"
java,5-10年,学历不限,1.3万-1.6万,暂无信息,http://jobs.zhaopin.com/CC354095110J40349054815.htm?refcode=4019&srccode=&preactionid=,杭州点微科技有限公司,股份制企业,20-99人,上海-崇明,"Java,FreeMarker,后端开发,SpringBoot,Oracle,MySQL"
java开放工程师,3-5年,学历不限,1.5万-3万,13薪,http://jobs.zhaopin.com/CC217586620J40249195202.htm?refcode=4019&srccode=&preactionid=,申通快递,上市公司,10000人以上,上海-青浦,"Java,Spring,JVM,高并发,多线程,分布式"
上海java开发工程师,5-10年,大专,1.3万-1.9万,暂无信息,http://jobs.zhaopin.com/CC821545310J40390210309.htm?refcode=4019&srccode=&preactionid=,南京特望科技有限公司,民营,100-299人,上海-浦东,"后端开发,SpringBoot,SpringCloud,Oracle,MySQL"
java开发工程师(J11883),5-10年,本科,2.5万-3.5万,暂无信息,http://jobs.zhaopin.com/CC294547880J40448167103.htm?refcode=4019&srccode=&preactionid=,上海太屋网络科技有限公司,民营,1000-9999人,上海-徐汇,"SpringCloud,SpringBoot,后端开发,MySQL"
java软件开发工程师,3-5年,本科,1.5万-2.5万,暂无信息,http://jobs.zhaopin.com/CCL1449935740J40555269215.htm?refcode=4019&srccode=&preactionid=,上海思亦加网络科技有限公司,民营,20-99人,上海-静安,"Spring,企业管理软件,后端开发,前端开发"
初中级java(基金公司驻场+金融项目经验）,1-3年,本科,1.1万-1.6万,暂无信息,http://jobs.zhaopin.com/CC587383820J40402824407.htm?refcode=4019&srccode=&preactionid=,上海锐赢,民营,20-99人,上海-浦东,"后端开发,SpringCloud,Java,微服务架构"
java开发工程师,经验不限,本科,7千-1万,暂无信息,http://jobs.zhaopin.com/CC264213880J40123807505.htm?refcode=4019&srccode=&preactionid=,上海传美信息技术有限公司,民营,20人以下,上海-浦东,"Java,后端开发"
java开发工程师,3-5年,本科,1.5万-2.5万,暂无信息,http://jobs.zhaopin.com/CCL1392867650J40513828903.htm?refcode=4019&srccode=&preactionid=,格林酒店(上海)有限公司,民营,10000人以上,上海-嘉定,"Java,Spring"
java实习生,无经验,本科,4千-8千,暂无信息,http://jobs.zhaopin.com/CC503574730J40163674606.htm?refcode=4019&srccode=&preactionid=,上海常励信息技术有限公司,民营,20人以下,上海-徐汇,"Spring,后端开发,项目实施,Java,SpringMVC"
java开发工程师(保险公司驻场+K8S）,5-10年,大专,1.6万-2.1万,暂无信息,http://jobs.zhaopin.com/CC587383820J40410625507.htm?refcode=4019&srccode=&preactionid=,上海锐赢,民营,20-99人,上海-虹口,"SpringCloud,后端开发"
高级java开发,5-10年,本科,1.3万-1.8万,暂无信息,http://jobs.zhaopin.com/CC193399810J40507147307.htm?refcode=4019&srccode=&preactionid=,东华软件股份公司,上市公司,1000-9999人,上海-静安,"SpringBoot,SpringCloud,MySQL,Redis,SpringMVC,Unix,Python,架构设计,JAVA WEB"
java开发工程师(理想汽车),5-10年,本科,1.5万-1.8万,暂无信息,http://jobs.zhaopin.com/CC000638920J40523871714.htm?refcode=4019&srccode=&preactionid=,上海微创软件股份有限公司,合资,10000人以上,上海-嘉定,"JAVAIO,MySQL,Redis,微服务架构,SpringBoot,linux"
初/中/高级java（基金公司驻场+待遇优）,3-5年,本科,1.3万-2万,暂无信息,http://jobs.zhaopin.com/CC587383820J40388701107.htm?refcode=4019&srccode=&preactionid=,上海锐赢,民营,20-99人,上海-浦东,"SpringBoot,SpringCloud,后端开发"
java,经验不限,大专,1.7万-2万,暂无信息,http://jobs.zhaopin.com/CCL1320891960J40444143911.htm?refcode=4019&srccode=&preactionid=,深圳建广数字科技有限公司青岛分公司,民营,1000-9999人,上海-静安,"SpringBoot,Oracle,MySQL"
java开发工程师,3-5年,本科,1.7万-2万,暂无信息,http://jobs.zhaopin.com/CC000638920J40544699414.htm?refcode=4019&srccode=&preactionid=,上海微创软件股份有限公司,合资,10000人以上,上海-长宁,"SpringCloud,SpringMVC,后端开发"
中级java工程师,3-5年,大专,1.2万-1.4万,暂无信息,http://jobs.zhaopin.com/CC147646000J40558592714.htm?refcode=4019&srccode=&preactionid=,北京阿提拉科技有限公司,民营,300-499人,上海-浦东,"Spring,HUTOOL,Junit,Maven"
java开发工程师（衍生品）,1-3年,硕士,2万-3万,15薪,http://jobs.zhaopin.com/CC144101460J40494117205.htm?refcode=4019&srccode=&preactionid=,国投证券,股份制企业,1000-9999人,上海-虹口,MySQL
java开发工程师,5-10年,本科,1.7万-1.8万,暂无信息,http://jobs.zhaopin.com/CC000638920J40527486314.htm?refcode=4019&srccode=&preactionid=,上海微创软件股份有限公司,合资,10000人以上,上海-嘉定,"SpringBoot,SpringCloud,SpringMVC,MySQL,Oracle,微服务架构,HBase,Redis,MongoDB"
java,3-5年,大专,1.6万-2.4万,暂无信息,http://jobs.zhaopin.com/CCL1320891960J40461631411.htm?refcode=4019&srccode=&preactionid=,深圳建广数字科技有限公司青岛分公司,民营,1000-9999人,上海-宝山,"MySQL,SQLServer"
java开发-迪士尼-上海,5-10年,本科,1.5万-2万,暂无信息,http://jobs.zhaopin.com/CCL1381598540J40557963014.htm?refcode=4019&srccode=&preactionid=,柯莱特科技有限责任公司,民营,1000-9999人,上海-浦东,"Javascript,CSS,Spring,MySQL,支付经验,发票"
java开发工程师,5-10年,本科,1.3万-1.4万,暂无信息,http://jobs.zhaopin.com/CC000638920J40527243814.htm?refcode=4019&srccode=&preactionid=,上海微创软件股份有限公司,合资,10000人以上,上海-闵行,
急聘！！！java初级开发工程师！易过面试！,经验不限,大专,7千-1.4万,暂无信息,http://jobs.zhaopin.com/CC294547880J40489933903.htm?refcode=4019&srccode=&preactionid=,上海太屋网络科技有限公司,民营,1000-9999人,上海-宝山,"Spring,SpringBoot,SpringCloud,后端开发,MySQL,Redis,网络协议,微服务架构,Socket技术"
java初级开发工程师,1-3年,大专,7千-1.2万,13薪,http://jobs.zhaopin.com/CC182652610J40537158412.htm?refcode=4019&srccode=&preactionid=,上海竣智信息技术有限公司,民营,20-99人,上海-徐汇,"Java,SpringBoot,Redis,网络编程,多线程,后端开发,PostgreSQL,网络协议,消息队列"
初级java开发工程师,1-3年,大专,1.7万-2万,暂无信息,http://jobs.zhaopin.com/CC675224420J40485465208.htm?refcode=4019&srccode=&preactionid=,上海励汇企业管理咨询有限公司,民营,500-999人,上海-浦东,"jQuery,Vue,SSH,Spring,SpringBoot,SpringCloud,SpringMVC,Flink,Hadoop,Spark,Tomcat"
java开发工程师,1-3年,大专,1万-1.5万,暂无信息,http://jobs.zhaopin.com/CC214707020J40444095803.htm?refcode=4019&srccode=&preactionid=,上海易乓乒智能科技股份有限公司,民营,20-99人,上海-宝山,"SpringBoot,SpringCloud,SpringMVC,后端开发"
java初级程序员,经验不限,大专,5千-8千,暂无信息,http://jobs.zhaopin.com/CCL1477669140J40510540305.htm?refcode=4019&srccode=&preactionid=,上海星燊工程技术服务有限公司,暂无信息,20-99人,上海-嘉定,"C++,Spring,Hibernate"
java开发（统招学信网/现场面试）,3-5年,大专,1.1万-1.5万,暂无信息,http://jobs.zhaopin.com/CC665594320J40515886210.htm?refcode=4019&srccode=&preactionid=,舟恩信息,民营,20-99人,上海-浦东,Spring
java开发-正编,3-5年,本科,4万-8万,15薪,http://jobs.zhaopin.com/CC138117190J40510929505.htm?refcode=4019&srccode=&preactionid=,外企德科,合资,1000-9999人,上海-杨浦,"数据挖掘,ETL,Java,C++,Hadoop"
java软件开发工程师,1-3年,本科,1万-1.9万,暂无信息,http://jobs.zhaopin.com/CC321298120J40499195402.htm?refcode=4019&srccode=&preactionid=,泉盛餐饮(上海)有限公司,外商独资,1000-9999人,上海-长宁,"Spring,Javascript"
java开发-上海,1-3年,大专,1.3万-2.6万,暂无信息,http://jobs.zhaopin.com/CCL1343356340J40278391812.htm?refcode=4019&srccode=&preactionid=,上海晨钦信息科技服务有限公司,上市公司,1000-9999人,上海-浦东,"后端开发,Spring,SSH,Eclipse,SpringBoot,SpringCloud,SpringMVC,SSM"
后端开发工程师（自研+主java+了解c#）,3-5年,大专,1.1万-1.5万,暂无信息,http://jobs.zhaopin.com/CCL1451181320J40475662013.htm?refcode=4019&srccode=&preactionid=,上海惟微美业生物科技有限公司郑州分公司,民营,1000-9999人,上海-普陀,"C#,Java,Spring,MySQL,MongoDB,Redis"
java开发工程师-海尔驻场,3-5年,大专,1.3万-1.9万,暂无信息,http://jobs.zhaopin.com/CC453635220J40512691303.htm?refcode=4019&srccode=&preactionid=,科锐尔人力资源服务(苏州)有限公司,上市公司,1000-9999人,上海-浦东,Spring
java 中级程序员,5-10年,本科,1.5万-2万,暂无信息,http://jobs.zhaopin.com/CC384061710J40408638013.htm?refcode=4019&srccode=&preactionid=,上海天籍信息科技有限公司,民营,20-99人,上海-虹口,"后端开发,Java,Hadoop,SpringBoot,SpringCloud"
java全栈工程师,1-3年,大专,8千-1.5万,13薪,http://jobs.zhaopin.com/CC671066420J40499784610.htm?refcode=4019&srccode=&preactionid=,仁卅信息科技(上海)有限公司,外商独资,500-999人,上海-普陀,Java
java 应届生优选,经验不限,大专,8千-1.6万,15薪,http://jobs.zhaopin.com/CC294547880J40491592203.htm?refcode=4019&srccode=&preactionid=,上海太屋网络科技有限公司,民营,1000-9999人,上海-浦东,"前端开发,后端开发"
初中级java开发,1-3年,本科,1.1万-1.5万,暂无信息,http://jobs.zhaopin.com/CC440199980J40531868507.htm?refcode=4019&srccode=&preactionid=,北京众策科技咨询有限公司,民营,20-99人,上海-静安,"SAP,英语,ABAP"
java开发软件工程师（工作地点杭州、西安，1年以上统本）,1-3年,本科,1.2万-1.8万,暂无信息,http://jobs.zhaopin.com/CC493150920J40558524014.htm?refcode=4019&srccode=&preactionid=,北京汉克时代科技有限公司,民营,1000-9999人,上海-浦东,"Java,Spring,MySQL,Oracle"
对日java软件开发(初中级),1-3年,学历不限,6千-1.2万,13薪,http://jobs.zhaopin.com/CCL1345680450J40182255416.htm?refcode=4019&srccode=&preactionid=,上海达巴辛软件有限公司,民营,20-99人,上海-杨浦,"Java,数据库,Spring,SQL,日语"
初中级java开发,1-3年,本科,1.1万-1.5万,暂无信息,http://jobs.zhaopin.com/CC440199980J40531868407.htm?refcode=4019&srccode=&preactionid=,北京众策科技咨询有限公司,民营,20-99人,上海-浦东,"SAP,英语,ABAP"
java开发工程师,3-5年,大专,1.3万-1.7万,暂无信息,http://jobs.zhaopin.com/CC196911810J40557710115.htm?refcode=4019&srccode=&preactionid=,北京腾信软创科技股份有限公司,股份制企业,1000-9999人,上海-静安,后端开发
java开发（3个月，可续签）,3-5年,大专,1.7万-2.8万,暂无信息,http://jobs.zhaopin.com/CC453635220J40500827603.htm?refcode=4019&srccode=&preactionid=,科锐尔人力资源服务(苏州)有限公司,上市公司,1000-9999人,上海-青浦,"Spring,MySQL,应用系统开发"
中级java后端开发工程师,3-5年,本科,1.2万-1.5万,13薪,http://jobs.zhaopin.com/CC466606330J40549851814.htm?refcode=4019&srccode=&preactionid=,上海森成快递有限公司,民营,10000人以上,上海-闵行,"Spring,Mybatis,MySQL"
急聘！！！java开发工程师！接受无经验！,1-3年,大专,7千-1.4万,暂无信息,http://jobs.zhaopin.com/CC294547880J40489914003.htm?refcode=4019&srccode=&preactionid=,上海太屋网络科技有限公司,民营,1000-9999人,上海-宝山,"SpringBoot,Spring,SpringCloud,后端开发,全栈开发,Redis,MySQL"
高级java开发工程师,5-10年,本科,3.5万-4.5万,暂无信息,http://jobs.zhaopin.com/CC394980330J40489269604.htm?refcode=4019&srccode=&preactionid=,武汉智融航商贸有限公司,民营,500-999人,上海-杨浦,"Javascript,Mybatis,C"
高级java开发工程师,3-5年,大专,1.5万-2万,暂无信息,http://jobs.zhaopin.com/CC434031920J40100255915.htm?refcode=4019&srccode=&preactionid=,康嘉信息,民营,20-99人,上海,Java
java 应届生优选,经验不限,大专,8千-1.6万,暂无信息,http://jobs.zhaopin.com/CC294547880J40489906703.htm?refcode=4019&srccode=&preactionid=,上海太屋网络科技有限公司,民营,1000-9999人,上海-宝山,"SpringCloud,SpringBoot,Spring,后端开发,MySQL,Oracle,消息队列"
java软件开发工程师,3-5年,大专,2万-3万,暂无信息,http://jobs.zhaopin.com/CC232997110J40497254405.htm?refcode=4019&srccode=&preactionid=,北京物通时空网络科技开发有限公司河南分公司,股份制企业,300-499人,上海-杨浦,后端开发
java,5-10年,本科,2.5万-5万,16薪,http://jobs.zhaopin.com/CC354004110J40476285004.htm?refcode=4019&srccode=&preactionid=,饿了么,合资,10000人以上,上海,"Java,Spring,Mybatis,MySQL,Redis,NoSQL"
IBM对日java开发工程师,1-3年,学历不限,1.1万-1.5万,13薪,http://jobs.zhaopin.com/CC120849260J40230236101.htm?refcode=4019&srccode=&preactionid=,IBM,外商独资,10000人以上,上海-杨浦,"Java,J2EE"
初级java开发工程师,1-3年,本科,7千-1万,13薪,http://jobs.zhaopin.com/CC618826520J40207300510.htm?refcode=4019&srccode=&preactionid=,维世致新(上海)智能技术有限公司,合资,20-99人,上海-浦东,"Java,MySQL,数据库"
java开发工程师（国企驻场+福利优）,3-5年,大专,1.2万-1.5万,暂无信息,http://jobs.zhaopin.com/CC587383820J40402803507.htm?refcode=4019&srccode=&preactionid=,上海锐赢,民营,20-99人,上海-杨浦,"SpringBoot,Dubbo,后端开发"
初级java开发工程师,1-3年,大专,8千-1.2万,暂无信息,http://jobs.zhaopin.com/CC434031920J40529825715.htm?refcode=4019&srccode=&preactionid=,康嘉信息,民营,20-99人,上海-浦东,"后端开发,MySQL,MongoDB"
java高级开发,经验不限,本科,1万-2万,暂无信息,http://jobs.zhaopin.com/CC271302733J00186812202.htm?refcode=4019&srccode=&preactionid=,公安部警用装备采购中心,事业单位,20-99人,上海-闵行,"Java,MySQL,Spring,Struts,Hibernate,后端开发"
软件测试实习生（2024届可转正留用）,无经验,本科,3千-6千,暂无信息,http://jobs.zhaopin.com/CC557611280J40492095811.htm?refcode=4019&srccode=&preactionid=,上海无学网络科技有限公司,合资,100-299人,上海-徐汇,"功能测试,系统测试,Java,Python,PHP"
java工程师（实习+留用）,经验不限,本科,7千-1.1万,暂无信息,http://jobs.zhaopin.com/CC813553990J40510579701.htm?refcode=4019&srccode=&preactionid=,上海胜蓝软件技术服务有限公司,民营,20-99人,上海-虹口,Java
java/python/C/C++(可接受应届生+周末双休）,经验不限,本科,1.5万-3万,暂无信息,http://jobs.zhaopin.com/CC138117190J40507772205.htm?refcode=4019&srccode=&preactionid=,外企德科,合资,1000-9999人,上海-浦东,"C,Python,Java,Linux开发"
java开发助理（统招学历）,1-3年,本科,8千-1万,暂无信息,http://jobs.zhaopin.com/CCL1447428670J40472226804.htm?refcode=4019&srccode=&preactionid=,湖南云郡网络科技有限公司,外商独资,100-299人,上海-浦东,后端开发
中级java开发,3-5年,本科,1.1万-1.5万,暂无信息,http://jobs.zhaopin.com/CC000103760J40498148807.htm?refcode=4019&srccode=&preactionid=,首都信息发展股份有限公司,国企,1000-9999人,上海-徐汇,"Spring,jQuery,SpringBoot,SpringCloud,SpringMVC,Hadoop"
java 开发,无经验,本科,8千-1.6万,暂无信息,http://jobs.zhaopin.com/CC000584094J00116469302.htm?refcode=4019&srccode=&preactionid=,喜士多,民营,1000-9999人,上海-静安,Java
初级java开发工程师,经验不限,本科,1.3万-2.6万,暂无信息,http://jobs.zhaopin.com/CC138117190J40323211005.htm?refcode=4019&srccode=&preactionid=,外企德科,合资,1000-9999人,上海-浦东,"后端开发,Java,Python,HTML5,全栈开发,WEB开发,SpringBoot,SpringCloud"
java全栈工程师（工作地点：青海省西宁市）,3-5年,大专,1.2万-2.2万,暂无信息,http://jobs.zhaopin.com/CCL1344072110J40522442408.htm?refcode=4019&srccode=&preactionid=,丽豪半导体材料有限公司,民营,1000-9999人,上海-黄浦,"Java,JavaScript,全栈开发,Vue,SQL,SPING BOO,SPRING CLOUD,Spring"
java开发工程师（可安排线上面试+易面过+愿培养）,3-5年,大专,1.2万-2.4万,暂无信息,http://jobs.zhaopin.com/CC385622410J40210740506.htm?refcode=4019&srccode=&preactionid=,深圳市法本信息技术股份有限公司,上市公司,1000-9999人,上海-浦东,"Java,Spring,MyBatis,Linux"
赴日软件工程师（大学毕业生）,无经验,本科,1.5万-2.5万,暂无信息,http://jobs.zhaopin.com/CC579165780J40398752613.htm?refcode=4019&srccode=&preactionid=,株式会社ProfaceSystems,外商独资,20-99人,上海,".NET,C++,Java,Python,SQL,小程序开发"
C++/java软件开发工程师 国企 年薪30W+,3-5年,本科,2万-3万,暂无信息,http://jobs.zhaopin.com/CCL1465476600J40482185604.htm?refcode=4019&srccode=&preactionid=,灵端(上海)企业管理有限公司,股份制企业,20-99人,上海-浦东,"Java,C++"
java工程师，线上面试（易过）,3-5年,大专,1.4万-2.6万,暂无信息,http://jobs.zhaopin.com/CC385622410J40336562206.htm?refcode=4019&srccode=&preactionid=,深圳市法本信息技术股份有限公司,上市公司,1000-9999人,上海-浦东,"后端开发,SpringBoot,SpringCloud,SpringMVC,微服务架构,消息队列,支付,分布式技术"
java开发工程师（上海）,1-3年,大专,7千-1.4万,暂无信息,http://jobs.zhaopin.com/CC151551410J40263414315.htm?refcode=4019&srccode=&preactionid=,摩卡软件（天津）有限公司,外商独资,500-999人,上海-浦东,"Java,J2EE,Javascript,MySQL"
java开发工程师,经验不限,本科,面议,暂无信息,http://jobs.zhaopin.com/CC000542940J40425071614.htm?refcode=4019&srccode=&preactionid=,华为技术有限公司,民营,10000人以上,上海-浦东,后端开发
软件测试工程师,无经验,大专,1.5万-2万,暂无信息,http://jobs.zhaopin.com/CC294547880J40508129903.htm?refcode=4019&srccode=&preactionid=,上海太屋网络科技有限公司,民营,1000-9999人,上海-黄浦,"功能测试,系统测试,自动化测试,Java,C++,Javascript,Postman,JIRA"
java开发工程师(初级),1-3年,本科,9千-1.2万,暂无信息,http://jobs.zhaopin.com/CC470756820J40395142004.htm?refcode=4019&srccode=&preactionid=,上海平欣电子有限公司,民营,100-299人,上海-浦东,"后端开发,SpringBoot,SpringCloud"
java初级软件工程师,1-3年,本科,8千-1.2万,15薪,http://jobs.zhaopin.com/CC121010790J40477769002.htm?refcode=4019&srccode=&preactionid=,上海思普信息技术有限公司,民营,100-299人,上海-徐汇,后端开发
java软件工程师(ZGSY),3-5年,本科,1万-1.5万,暂无信息,http://jobs.zhaopin.com/CC000103760J40504764007.htm?refcode=4019&srccode=&preactionid=,首都信息发展股份有限公司,国企,1000-9999人,上海-徐汇,"Spring,SpringBoot,SpringCloud,后端开发"
java开发工程师,3-5年,本科,1.5万-1.7万,暂无信息,http://jobs.zhaopin.com/CC382181430J40511372705.htm?refcode=4019&srccode=&preactionid=,北京史贝斯健身管理有限公司,外商独资,100-299人,上海-静安,"Spring,SPRINGBOOT,IBATIS,MySQL,Redis"
中级java开发,3-5年,本科,1.5万-2.5万,暂无信息,http://jobs.zhaopin.com/CCL1258340940J40480092904.htm?refcode=4019&srccode=&preactionid=,上海申量智能技术有限公司,民营,20-99人,上海-黄浦,"Spring,费控"
java软件工程师（SH）,1-3年,本科,1万-1.5万,暂无信息,http://jobs.zhaopin.com/CC000103760J40527247607.htm?refcode=4019&srccode=&preactionid=,首都信息发展股份有限公司,国企,1000-9999人,上海-闵行,Spring
java软件开发工程师,5-10年,本科,1.2万-2万,15薪,http://jobs.zhaopin.com/CC561589880J40473504105.htm?refcode=4019&srccode=&preactionid=,上海小招信息技术有限公司,民营,20人以下,上海-嘉定,
java开发（金保十部上海太平开发）,1-3年,本科,1万-2万,13薪,http://jobs.zhaopin.com/CC120160390J40254112516.htm?refcode=4019&srccode=&preactionid=,中科软科技股份有限公司,股份制企业,1000-9999人,上海-浦东,"Java,Spring,Hibernate,Struts,Tomcat,Weblogic,Oracle,后端开发"
后端开发实习生,无经验,本科,面议,暂无信息,http://jobs.zhaopin.com/CC219024410J40487564416.htm?refcode=4019&srccode=&preactionid=,罗克韦尔自动化（中国）有限公司,外商独资,1000-9999人,上海-徐汇,"C#,Java"
中级java（上海）,3-5年,本科,1万-1.3万,暂无信息,http://jobs.zhaopin.com/CCL1335802250J40516351310.htm?refcode=4019&srccode=&preactionid=,江苏鑫瑞源科技有限公司,民营,20-99人,上海-浦东,"OPENGUASS,TXSQL,Java,SpringMVC,JSP"
全栈java开发人员（社内产品）,5-10年,本科,2万-2.5万,暂无信息,http://jobs.zhaopin.com/CC141707170J40334739811.htm?refcode=4019&srccode=&preactionid=,上海光华专利事务所,民营,100-299人,上海-静安,"后端开发,Java,全栈开发"
java开发工程师,5-10年,本科,1.3万-2.2万,暂无信息,http://jobs.zhaopin.com/CC593985630J40153694601.htm?refcode=4019&srccode=&preactionid=,上海昶昌网络科技发展有限公司,民营,20-99人,上海-静安,"Java,C++"
初中级 java 开发-张江-普本,1-3年,本科,1.3万-1.5万,暂无信息,http://jobs.zhaopin.com/CC157840520J40495297916.htm?refcode=4019&srccode=&preactionid=,上海复深蓝软件股份有限公司,上市公司,1000-9999人,上海-浦东,"Spring,Mybatis,MySQL,Redis,普本,计算机相关专业,必须 C 端经验"
C/C+＋/java/Python/前端/go/通用软件开发],1-3年,本科,1.5万-3万,暂无信息,http://jobs.zhaopin.com/CC138117190J40505448005.htm?refcode=4019&srccode=&preactionid=,外企德科,合资,1000-9999人,上海-黄浦,"C,Python,C#"
java开发工程师,5-10年,大专,1万-1.8万,暂无信息,http://jobs.zhaopin.com/CC392966680J40497204006.htm?refcode=4019&srccode=&preactionid=,大连陆友科技有限公司,民营,20-99人,上海-闵行,Java
java全栈工程师,3-5年,大专,1.1万-1.6万,暂无信息,http://jobs.zhaopin.com/CC557155320J40507510203.htm?refcode=4019&srccode=&preactionid=,郑州海奥软件科技有限公司,民营,100-299人,上海-浦东,"Python,Neo4j,RAG"
高级java开发工程师（驻场+不加班）,5-10年,大专,1.6万-2万,暂无信息,http://jobs.zhaopin.com/CC587383820J40402828207.htm?refcode=4019&srccode=&preactionid=,上海锐赢,民营,20-99人,上海-浦东,"后端开发,SpringCloud,SpringBoot,Java"
诚聘java开发（金融方向）,1-3年,本科,1万-1.1万,暂无信息,http://jobs.zhaopin.com/CCL1214458630J40425877410.htm?refcode=4019&srccode=&preactionid=,百乐元(大连)科技有限公司,民营,20-99人,上海-浦东,"SpringBoot,SpringCloud,SpringMVC,Java"
java中级开发工程师,1-3年,本科,1万-1.2万,13薪,http://jobs.zhaopin.com/CC323544630J40455695708.htm?refcode=4019&srccode=&preactionid=,上海复医天健医疗服务产业股份有限公司,国企,10000人以上,上海-徐汇,"SpringBoot,MySQL"
对日java(上海）,3-5年,大专,1万-1.5万,暂无信息,http://jobs.zhaopin.com/CC378016610J40495454716.htm?refcode=4019&srccode=&preactionid=,上海朗裕信息科技有限公司,民营,20-99人,上海-浦东,对日JAVA
初级java开发工程师,1-3年,本科,1万-1.5万,暂无信息,http://jobs.zhaopin.com/CC547043180J40489492903.htm?refcode=4019&srccode=&preactionid=,上海创景信息科技有限公司,民营,100-299人,上海-浦东,"MySQL,Redis,SQLServer,后端开发"
高级java开发工程师（驻场+不加班）,5-10年,大专,1.5万-2万,暂无信息,http://jobs.zhaopin.com/CC587383820J40388700107.htm?refcode=4019&srccode=&preactionid=,上海锐赢,民营,20-99人,上海-浦东,"后端开发,SpringBoot,SpringCloud"
java软件开发工程师,3-5年,大专,1.5万-2.2万,14薪,http://jobs.zhaopin.com/CC202704030J40259008716.htm?refcode=4019&srccode=&preactionid=,上海勤电信息科技有限公司,民营,20-99人,上海,"Java,后端开发,全栈开发"
软件测试工程师,无经验,大专,1.2万-1.8万,13薪,http://jobs.zhaopin.com/CC347900830J40550118312.htm?refcode=4019&srccode=&preactionid=,才纵(上海)工程技术有限公司,外商独资,20-99人,上海-浦东,"自动化测试,Java"
java开发实习生,经验不限,大专,3千-6千,暂无信息,http://jobs.zhaopin.com/CZ740670980J00120954603.htm?refcode=4019&srccode=&preactionid=,上海扬丝信息科技有限公司,股份制企业,20-99人,上海,Java
java后端开发工程师,3-5年,本科,2万-3万,暂无信息,http://jobs.zhaopin.com/CCL1428521210J40481199709.htm?refcode=4019&srccode=&preactionid=,中国船舶集团海舟系统技术有限公司,国企,100-299人,上海-黄浦,"SpringBoot,SpringCloud,前端开发,Oracle,MySQL"
java工程师,经验不限,本科,9千-1.5万,暂无信息,http://jobs.zhaopin.com/CC526418220J40240902602.htm?refcode=4019&srccode=&preactionid=,浙江蓝鸽科技有限公司,民营,1000-9999人,上海,"Java,SQL,MySQL,Oracle,缓存,并发,消息中间件,SpringBoot"
java开发财务/携程,3-5年,大专,1万-2万,暂无信息,http://jobs.zhaopin.com/CCL1289361510J40468204101.htm?refcode=4019&srccode=&preactionid=,深圳南区人瑞人力资源服务有限公司,上市公司,10000人以上,上海-嘉定,"jQuery,Vue,SSH"
java开发（双休、平台稳定、反馈快、线上面试）,3-5年,大专,1.1万-2万,暂无信息,http://jobs.zhaopin.com/CC385622410J40480102106.htm?refcode=4019&srccode=&preactionid=,深圳市法本信息技术股份有限公司,上市公司,1000-9999人,上海-杨浦,后端开发
高级java工程师,1-3年,大专,3.5万-5万,暂无信息,http://jobs.zhaopin.com/CCL1407138080J40486600302.htm?refcode=4019&srccode=&preactionid=,世猎(上海)人力资源有限公司,民营,300-499人,上海-普陀,"Java,MYSOL，REDIS,KAFKA，ROCKETMO,RUSTGOLANG,广告平台开发"
java开发工程师（上海）,1-3年,大专,8千-1.5万,暂无信息,http://jobs.zhaopin.com/CC379082420J40262643410.htm?refcode=4019&srccode=&preactionid=,长城保险经纪有限公司,民营,1000-9999人,上海-普陀,"Java,J2EE,JVM,MySQL,SQL,后端开发,客户端开发,SpringBoot"
软件开发工程师 (java/python/C++...),经验不限,本科,1.5万-3万,14薪,http://jobs.zhaopin.com/CC138117190J40406092605.htm?refcode=4019&srccode=&preactionid=,外企德科,合资,1000-9999人,上海-浦东,"Java,C,Python"
java开发,3-5年,本科,1.3万-1.8万,暂无信息,http://jobs.zhaopin.com/CCL1241563750J40099672911.htm?refcode=4019&srccode=&preactionid=,金锐软件技术(杭州)有限公司,民营,500-999人,上海,"Java,Spring,MySQL,数据库,SQL,Kafka"
java专家-国企控股/16薪/大厂背景/高薪养才,1-3年,本科,4万-6万,16薪,http://jobs.zhaopin.com/CC685034830J40514874210.htm?refcode=4019&srccode=&preactionid=,领时云天信息科技(常州)有限公司,民营,1000-9999人,上海-闵行,"Spring,Redis,PostgreSQL,MySQL"
数据开发（技术栈java）-上海（金融）,1-3年,本科,1万-1.6万,暂无信息,http://jobs.zhaopin.com/CC139612110J40544359112.htm?refcode=4019&srccode=&preactionid=,黑龙江海康软件工程有限公司,股份制企业,500-999人,上海-浦东,Java
java开发工程师,3-5年,大专,1.1万-1.7万,暂无信息,http://jobs.zhaopin.com/CC625115230J40493214811.htm?refcode=4019&srccode=&preactionid=,上海从开网络科技有限公司,民营,100-299人,上海-浦东,"Python,Spring,SPRING BOOT"
java开发工程师(J10164),经验不限,本科,1.1万-2.2万,15薪,http://jobs.zhaopin.com/CCL1242119060J40220942607.htm?refcode=4019&srccode=&preactionid=,上海柏楚电子科技股份有限公司,上市公司,1000-9999人,上海-闵行,"Java,SSH,Netty,MySQL"
软件测试工程师,经验不限,大专,8千-1万,13薪,http://jobs.zhaopin.com/CCL1201547420J40366302811.htm?refcode=4019&srccode=&preactionid=,索提斯云智控科技(上海)有限公司,民营,20-99人,上海-嘉定,"测试开发,自动化测试,禅道,JIRA,C++,Python,Java"
java开发工程师,1-3年,大专,1万-1.7万,暂无信息,http://jobs.zhaopin.com/CC442630930J40208229606.htm?refcode=4019&srccode=&preactionid=,上海孟伯智能物联网科技有限公司,民营,100-299人,上海-宝山,"Java,MySQL,MyBatis,系统架构,Spring,SpringCloud,Mybatis,后端开发"
java开发工程师,1-3年,大专,9千-1.2万,暂无信息,http://jobs.zhaopin.com/CCL1424967480J40527916907.htm?refcode=4019&srccode=&preactionid=,上海嘉斯网络科技有限公司,民营,20-99人,上海-徐汇,"Spring,Mybatis,MySQL,Redis,Java"
Linux运维工程师/java运维工程师,1-3年,大专,1万-1.5万,13薪,http://jobs.zhaopin.com/CC167420220J40186230112.htm?refcode=4019&srccode=&preactionid=,美国Selleck生物科技有限公司,合资,500-999人,上海-浦东,"数据库,Linux,系统运维,运维开发,MySQL,JAVA运维,Java,Nginx"
java开发工程师,5-10年,大专,9千-1.8万,暂无信息,http://jobs.zhaopin.com/CC740670980J40203630314.htm?refcode=4019&srccode=&preactionid=,上海扬丝信息科技有限公司,股份制企业,20-99人,上海-嘉定,Java
java工程师,3-5年,本科,1.2万-2.4万,暂无信息,http://jobs.zhaopin.com/CCL1431434120J40494587910.htm?refcode=4019&srccode=&preactionid=,上海益慷医疗科技有限公司,暂无信息,20-99人,上海-黄浦,"SpringBoot,全栈开发,Redis,MySQL,Oracle,Docker,网络协议,微服务架构,消息队列,医疗行业"
java开发 （13薪）,3-5年,本科,1.7万-2.2万,13薪,http://jobs.zhaopin.com/CCL1251552770J40477277816.htm?refcode=4019&srccode=&preactionid=,上海谷胜人力资源服务有限公司,民营,100-299人,上海-浦东,"MySQL,后端开发,SpringBoot,SpringMVC"
java后端工程师,3-5年,本科,1.2万-1.5万,暂无信息,http://jobs.zhaopin.com/CCL1281774580J40430423114.htm?refcode=4019&srccode=&preactionid=,上海兼达信息技术服务有限公司,民营,100-299人,上海-浦东,"Mybatis,后端开发,SpringCloud,Java"
java开发工程师中级,3-5年,大专,1.5万-1.7万,暂无信息,http://jobs.zhaopin.com/CC373514330J40516714210.htm?refcode=4019&srccode=&preactionid=,点米(北京)科技有限公司,上市公司,500-999人,上海-虹口,
计算机专业课程辅导,无经验,本科,300-500元/时,暂无信息,http://jobs.zhaopin.com/CCL1324731060J40373719311.htm?refcode=4019&srccode=&preactionid=,青岛游子吟国际教育有限公司,暂无信息,20-99人,上海-黄浦,"大数据分析,MySQL,Java,Python,R语言,Perl,架构设计,数据建模"
java开发工程师,经验不限,本科,1.5万-3万,15薪,http://jobs.zhaopin.com/CC138117190J40511680005.htm?refcode=4019&srccode=&preactionid=,外企德科,合资,1000-9999人,上海-浦东,Java
java初级开发工程师,1-3年,本科,9千-1.3万,暂无信息,http://jobs.zhaopin.com/CC427353110J40485678109.htm?refcode=4019&srccode=&preactionid=,上海奕盛软件有限公司,民营,20-99人,上海-闵行,"全栈开发,后端开发,Spring,SpringBoot,SpringCloud,微服务架构,Oracle,MongoDB,MySQL,人工智能项目,云计算项目"
java中级研发工程师,1-3年,本科,2.5万-5万,暂无信息,http://jobs.zhaopin.com/CC204727910J40511085807.htm?refcode=4019&srccode=&preactionid=,中升集团,上市公司,10000人以上,上海-嘉定,"SpringBoot,SpringCloud,MyBatis,MySQL,Redis,Kafka"
java软件开发工程师（工业物联网）,3-5年,本科,2万-2.6万,16薪,http://jobs.zhaopin.com/CCL1236606730J40551369114.htm?refcode=4019&srccode=&preactionid=,锐仕方达人才科技集团有限公司,股份制企业,1000-9999人,上海-浦东,"Python,Javascript,Spring,MySQL,工业设备,工业物联网,软件平台开发"
java开发工程师,3-5年,本科,1.2万-2万,暂无信息,http://jobs.zhaopin.com/CC130794570J40515476110.htm?refcode=4019&srccode=&preactionid=,远东资信评估有限公司,合资,20-99人,上海-杨浦,
java工程师,3-5年,硕士,1.3万-2万,暂无信息,http://jobs.zhaopin.com/CC462163910J40511426003.htm?refcode=4019&srccode=&preactionid=,中国科学院上海高等研究院,事业单位,500-999人,上海-浦东,"C++,C,Javascript"
java EE工程师（微服务）,5-10年,本科,1.2万-1.9万,暂无信息,http://jobs.zhaopin.com/CCL1224345720J40518808209.htm?refcode=4019&srccode=&preactionid=,安徽丹焱信息科技有限公司,民营,20-99人,上海-闵行,"Javascript,Hibernate,Spring,SPRINGBOOT,SPRINGCLOUD"
java开发工程师,3-5年,大专,1.1万-2万,暂无信息,http://jobs.zhaopin.com/CC384996630J40306986604.htm?refcode=4019&srccode=&preactionid=,上海儒一信息科技有限公司,民营,100-299人,上海-浦东,"MySQL,Oracle,SpringBoot,SpringCloud"
java开发工程师,1-3年,大专,1万-2万,暂无信息,http://jobs.zhaopin.com/CC427353110J40219922809.htm?refcode=4019&srccode=&preactionid=,上海奕盛软件有限公司,民营,20-99人,上海-黄浦,"Java,Web前端,前端开发,架构设计"
高级后端开发工程师（C/C++/java/Python/GO） 全额六险一金 试用期不打折,5-10年,本科,2.8万-4万,16薪,http://jobs.zhaopin.com/CC138117190J40330566005.htm?refcode=4019&srccode=&preactionid=,外企德科,合资,1000-9999人,上海-浦东,"后端开发,Java,Python,C++,SpringBoot,SpringCloud,分布式技术"
云端微服务开发java +周末双休+不加班 轻松外企氛围,3-5年,大专,2万-3万,暂无信息,http://jobs.zhaopin.com/CCL1434164080J40485765404.htm?refcode=4019&srccode=&preactionid=,智达诚远科技有限公司,其它,1000-9999人,上海-嘉定,"云端微服务开发,SPRING FRAMEWORK,SPRING-BOOT,GitLab,地图"
java开发工程师（上海）,1-3年,本科,8千-1.5万,暂无信息,http://jobs.zhaopin.com/CC379082420J40412473510.htm?refcode=4019&srccode=&preactionid=,长城保险经纪有限公司,民营,1000-9999人,上海-普陀,后端开发
java开发工程师,3-5年,本科,1.5万-2万,13薪,http://jobs.zhaopin.com/CCL1390315510J40275816711.htm?refcode=4019&srccode=&preactionid=,上海城振交通科技有限公司,民营,20人以下,上海-长宁,"容器技术,分布式技术"
java开发工程师,5-10年,大专,1万-1.3万,暂无信息,http://jobs.zhaopin.com/CC159447320J40449065307.htm?refcode=4019&srccode=&preactionid=,上海沪友科技发展有限公司,民营,20-99人,上海-徐汇,"后端开发,Hibernate,Mybatis,MySQL,Oracle,SQL Server"
对日java,经验不限,学历不限,1万-2万,暂无信息,http://jobs.zhaopin.com/CC272317030J40410982813.htm?refcode=4019&srccode=&preactionid=,杭州优灿科技有限公司,合资,500-999人,上海-浦东,"Java,Vue,日语"
java中级开发111,3-5年,本科,1.5万-2.5万,暂无信息,http://jobs.zhaopin.com/CC401953930J40535989601.htm?refcode=4019&srccode=&preactionid=,上海利唐信息科技有限公司,民营,300-499人,上海-闵行,
（上海）java开发工程师（六险一金+年假）,3-5年,大专,1.2万-1.4万,暂无信息,http://jobs.zhaopin.com/CCL1343356340J40285881812.htm?refcode=4019&srccode=&preactionid=,上海晨钦信息科技服务有限公司,上市公司,1000-9999人,上海-浦东,"后端开发,Dubbo,微服务架构,多线程,软件工程师,SpringBoot,SpringCloud,Java"
java开发工程师,3-5年,本科,7千-1.2万,暂无信息,http://jobs.zhaopin.com/CC470380316J00201620408.htm?refcode=4019&srccode=&preactionid=,上海唯享科技有限公司,民营,100-299人,上海-浦东,"Java,Javascript,JS,MySQL,Linux,多线程"
java技术经理,3-5年,大专,9千-1.4万,暂无信息,http://jobs.zhaopin.com/CC428639120J40558586015.htm?refcode=4019&srccode=&preactionid=,北京钰辉讯捷信息技术有限公司,民营,100-299人,上海,"后端开发,技术经理"
java开发工程师,3-5年,本科,1.1万-2.2万,15薪,http://jobs.zhaopin.com/CC121010790J40319941802.htm?refcode=4019&srccode=&preactionid=,上海思普信息技术有限公司,民营,100-299人,上海-徐汇,后端开发
java开发（线上面试+周末双休）,3-5年,本科,1.3万-1.5万,暂无信息,http://jobs.zhaopin.com/CC302903980J40531834207.htm?refcode=4019&srccode=&preactionid=,上海信息人才服务有限公司,国企,100-299人,上海-徐汇,Spring
java工程师,3-5年,本科,1.4万-1.7万,暂无信息,http://jobs.zhaopin.com/CC289370620J40483296710.htm?refcode=4019&srccode=&preactionid=,汉堂软件工程(上海)有限公司,民营,100-299人,上海-浦东,Vue
java高级程序员,5-10年,本科,2万-2.5万,暂无信息,http://jobs.zhaopin.com/CC384061710J40276548813.htm?refcode=4019&srccode=&preactionid=,上海天籍信息科技有限公司,民营,20-99人,上海-虹口,"Java,Spring,MySQL,Oracle,Spark,Hadoop,Mybatis,SpringMVC"
java后端开发工程师,5-10年,大专,1.8万-2.5万,暂无信息,http://jobs.zhaopin.com/CCL1275642020J40400394710.htm?refcode=4019&srccode=&preactionid=,上海术丛智能科技有限责任公司,暂无信息,20-99人,上海-徐汇,后端开发
java初级工程师,1-3年,本科,7千-1.1万,暂无信息,http://jobs.zhaopin.com/CC406889330J40507490509.htm?refcode=4019&srccode=&preactionid=,懋特物联,民营,20-99人,上海-徐汇,
"java（Java，C,C++，python，前端，算法，接受22届毕业，不限制过往工作经历）",经验不限,本科,1.5万-3万,16薪,http://jobs.zhaopin.com/CC138117190J40390414005.htm?refcode=4019&srccode=&preactionid=,外企德科,合资,1000-9999人,上海-浦东,"Java,Python"
java中级工程师,1-3年,大专,1万-1.1万,暂无信息,http://jobs.zhaopin.com/CC511201620J40535700601.htm?refcode=4019&srccode=&preactionid=,燕梭金融信息科技(上海)有限公司,民营,100-299人,上海-浦东,"MySQL,Oracle,JSP"
java开发工程师（小南门）,3-5年,本科,1.5万-2.5万,暂无信息,http://jobs.zhaopin.com/CC597878020J40401323906.htm?refcode=4019&srccode=&preactionid=,北京永生鼎立信息技术有限公司,合资,100-299人,上海-黄浦,"SpringBoot,SpringCloud,Mybatis"
大数据运维【java方向】,3-5年,本科,1.5万-2万,暂无信息,http://jobs.zhaopin.com/CC134171900J40487224911.htm?refcode=4019&srccode=&preactionid=,紫金支点,民营,1000-9999人,上海-浦东,"Java,Docker"
高级java开发工程师,5-10年,大专,1.8万-2.2万,暂无信息,http://jobs.zhaopin.com/CC434031920J40421259115.htm?refcode=4019&srccode=&preactionid=,康嘉信息,民营,20-99人,上海-闵行,"SpringBoot,SpringCloud,后端开发,SpringMVC"
java（线上面试，试用期全薪）,3-5年,本科,1.5万-3万,14薪,http://jobs.zhaopin.com/CC138117190J40477105605.htm?refcode=4019&srccode=&preactionid=,外企德科,合资,1000-9999人,上海-浦东,"SpringCloud,Redis"
java开发工程师,3-5年,本科,1.5万-2.2万,暂无信息,http://jobs.zhaopin.com/CC147646000J40528961714.htm?refcode=4019&srccode=&preactionid=,北京阿提拉科技有限公司,民营,300-499人,上海-普陀,"后端开发,MySQL,Spring"
java开发工程师,经验不限,学历不限,1.7万-2万,暂无信息,http://jobs.zhaopin.com/CCL1465483420J40444012411.htm?refcode=4019&srccode=&preactionid=,深圳市企融网络技术科技有限公司,暂无信息,20-99人,上海-徐汇,"Docker,后端开发,Socket技术"
java软件工程师,1-3年,本科,1.2万-1.8万,暂无信息,http://jobs.zhaopin.com/CC804900220J00538620907.htm?refcode=4019&srccode=&preactionid=,上海城勘信息科技有限公司,民营,20-99人,上海-浦东,"Java,后端开发,数据库,系统架构,需求分析,系统集成"
java中级开发工程师,5-10年,本科,1.2万-1.8万,暂无信息,http://jobs.zhaopin.com/CC171774410J40506681714.htm?refcode=4019&srccode=&preactionid=,润和软件,上市公司,1000-9999人,上海-浦东,SpringBoot
java技术经理,10年以上,本科,3万-4万,13薪,http://jobs.zhaopin.com/CCL1434208870J40476118916.htm?refcode=4019&srccode=&preactionid=,上海金润联汇数字科技有限公司,民营,100-299人,上海-浦东,"后端开发,全栈开发,具备支付清结算项目相关经验"
java软件开发工程师,3-5年,本科,面议,暂无信息,http://jobs.zhaopin.com/CC508620120J40554445212.htm?refcode=4019&srccode=&preactionid=,中软国际,上市公司,10000人以上,上海-浦东,Spring
java工程师,5-10年,本科,1万-1.7万,暂无信息,http://jobs.zhaopin.com/CC410029020J40109732513.htm?refcode=4019&srccode=&preactionid=,步览捷信息科技(上海)有限公司,民营,20-99人,上海,"Java,Javascript,CSS,HTML5,JSP,SQL,Eclipse,后端开发"
【急招 上海】java开发工程师,3-5年,本科,8千-1.5万,暂无信息,http://jobs.zhaopin.com/CC272776030J40515414508.htm?refcode=4019&srccode=&preactionid=,程胜环保,民营,100-299人,上海-闵行,
java开发（上海）,5-10年,大专,1万-1.5万,暂无信息,http://jobs.zhaopin.com/CC378016610J40490098416.htm?refcode=4019&srccode=&preactionid=,上海朗裕信息科技有限公司,民营,20-99人,上海-长宁,"PostgreSQL,SPRINGBOOT,LINUX命令,DOCKER常用命令,HADOOP 用于ETL"
java中级开发工程师,1-3年,学历不限,7千-1万,暂无信息,http://jobs.zhaopin.com/CC331780832J90250051000.htm?refcode=4019&srccode=&preactionid=,南京加时站网络科技有限公司,民营,20-99人,上海-黄浦,"Java,SpringBoot,SpringCloud,Netty,SpringMVC"
java开发（C端、小程序 、APP经验）,1-3年,本科,8千-1万,暂无信息,http://jobs.zhaopin.com/CC157840520J40495427316.htm?refcode=4019&srccode=&preactionid=,上海复深蓝软件股份有限公司,上市公司,1000-9999人,上海-浦东,"C端经验,统招本,APP项目经验"
java（p6-7）,5-10年,本科,3万-4.5万,14薪,http://jobs.zhaopin.com/CC276546310J40361175002.htm?refcode=4019&srccode=&preactionid=,北京安德信业信息咨询有限责任公司,民营,100-299人,上海-杨浦,"SpringCloud,Elasticsearch,SpringMVC,SpringBoot"
java开发工程师,1-3年,本科,1.5万-3万,暂无信息,http://jobs.zhaopin.com/CC134247150J40216977107.htm?refcode=4019&srccode=&preactionid=,安科瑞,股份制企业,1000-9999人,上海-嘉定,"Redis,Mybatis,SpringBoot,SpringCloud"
java软件工程师,3-5年,本科,1.5万-2.5万,暂无信息,http://jobs.zhaopin.com/CC224384620J40390223416.htm?refcode=4019&srccode=&preactionid=,上海大视电子科技有限公司,民营,20-99人,上海-宝山,"Java,C++,Linux,Node.js"
java-外企不加班,5-10年,本科,2万-2.2万,暂无信息,http://jobs.zhaopin.com/CC822884050J40344329304.htm?refcode=4019&srccode=&preactionid=,大连众和众科技有限公司,民营,100-299人,上海-浦东,后端开发
java开发工程师,1-3年,本科,1万-1.5万,暂无信息,http://jobs.zhaopin.com/CC132479430J40253653615.htm?refcode=4019&srccode=&preactionid=,上海城市地理信息系统发展有限公司,国企,100-299人,上海-徐汇,"Java,Spring,J2EE"
运维工程师（本科/计算机相关专业/学信网可查）,1-3年,本科,7千-8千,暂无信息,http://jobs.zhaopin.com/CCL1359078390J40467883906.htm?refcode=4019&srccode=&preactionid=,河南中杭信息科技有限公司,民营,100-299人,上海-闵行,"Java,Linux,MySQL,数据库运维,GT,SQL"
java软件工程师-保险,1-3年,本科,1万-1.8万,暂无信息,http://jobs.zhaopin.com/CC511201620J40450979901.htm?refcode=4019&srccode=&preactionid=,燕梭金融信息科技(上海)有限公司,民营,100-299人,上海-浦东,Java
java开发（有系统重构经验/Docker及K8s容器化使用经验）,5-10年,大专,1.5万-1.6万,暂无信息,http://jobs.zhaopin.com/CC334558030J40555070714.htm?refcode=4019&srccode=&preactionid=,上海兴岩信息科技有限公司,合资,100-299人,上海-浦东,"系统重构经验,DOCKER及K8S容器化使用"
软件开发工程师 (java c++ python js ),经验不限,本科,1.5万-3万,15薪,http://jobs.zhaopin.com/CC138117190J40390420805.htm?refcode=4019&srccode=&preactionid=,外企德科,合资,1000-9999人,上海-浦东,"Java,Linux开发"
java开发工程师,1-3年,本科,1.5万-2万,14薪,http://jobs.zhaopin.com/CCL1309530020J40252816810.htm?refcode=4019&srccode=&preactionid=,北京耐思云科技有限公司,民营,100-299人,上海-浦东,"Java,Spring,MyBatis,MySQL"
java开发工程师-上海,3-5年,大专,1万-1.5万,暂无信息,http://jobs.zhaopin.com/CC139612110J40512494612.htm?refcode=4019&srccode=&preactionid=,黑龙江海康软件工程有限公司,股份制企业,500-999人,上海-浦东,"后端开发,Vue,SpringBoot"
大数据开发java——驻场电信子公司互金项目,1-3年,本科,1.3万-2.5万,13薪,http://jobs.zhaopin.com/CCL1280870410J40490690606.htm?refcode=4019&srccode=&preactionid=,北京神州数字科技有限公司,上市公司,10000人以上,上海-虹口,"Hadoop,Java,Flink,Spark,数据中台,BI"
java工程师（医药行业）,3-5年,本科,1.6万-2.3万,14薪,http://jobs.zhaopin.com/CC000320460J40488692916.htm?refcode=4019&srccode=&preactionid=,长春金赛药业有限责任公司,上市公司,1000-9999人,上海-徐汇,"销售管理后端设计开发,高效响应需求,SPRINGBOOT/CLOUD"
java/J2EE软件工程师,1-3年,大专,1万-2万,暂无信息,http://jobs.zhaopin.com/CC183236410J40454684604.htm?refcode=4019&srccode=&preactionid=,上海英立视数字科技有限公司,上市公司,100-299人,上海-闵行,"Java,C++"
java开发工程师(金融）,经验不限,本科,面议,暂无信息,http://jobs.zhaopin.com/CC000581750J40437250005.htm?refcode=4019&srccode=&preactionid=,Hudson,外商独资,1000-9999人,上海-浦东,"后端开发,Spring,SpringBoot,MySQL,金融项目"
诚聘车联网java,1-3年,本科,2万-2.5万,暂无信息,http://jobs.zhaopin.com/CC342985980J40507656409.htm?refcode=4019&srccode=&preactionid=,上海勋厚人力资源有限公司,民营,300-499人,上海-浦东,后端开发
高级研发工程师（java）,3-5年,本科,2.5万-5万,暂无信息,http://jobs.zhaopin.com/CC204727910J40511078407.htm?refcode=4019&srccode=&preactionid=,中升集团,上市公司,10000人以上,上海-嘉定,"Java,编程"
java开发工程师,1-3年,本科,1.1万-1.6万,暂无信息,http://jobs.zhaopin.com/CC254662880J40383300406.htm?refcode=4019&srccode=&preactionid=,上海云瀚科技股份有限公司,国企,20-99人,上海-徐汇,"后端开发,SpringBoot,SpringCloud,Hibernate,Java,Oracle,MySQL,微服务架构"
java架构师,5-10年,本科,2.5万-5万,暂无信息,http://jobs.zhaopin.com/CC379816910J40101870408.htm?refcode=4019&srccode=&preactionid=,大连凯沃企业管理顾问有限公司,民营,100-299人,上海-浦东,"Java,架构设计,ActiveMQ,Docker,J2EE,Javascript"
java开发工程师,经验不限,本科,9千-1.8万,13薪,http://jobs.zhaopin.com/CCL1343287480J40498429007.htm?refcode=4019&srccode=&preactionid=,上海丕锐科技有限公司,民营,20-99人,上海-闵行,移动开发
java开发,经验不限,本科,1万-1.6万,暂无信息,http://jobs.zhaopin.com/CC315847110J40522950107.htm?refcode=4019&srccode=&preactionid=,京北方,民营,10000人以上,上海-浦东,"Spring,MySQL,Oracle"
java开发工程师,5-10年,本科,1.1万-2万,暂无信息,http://jobs.zhaopin.com/CC695916530J00351789306.htm?refcode=4019&srccode=&preactionid=,上海飒智智能科技有限公司,民营,20-99人,上海-闵行,"Java,MySQL,Linux,QUARKUS,架构师"
java开发初级工程师,1-3年,本科,7千-9千,13薪,http://jobs.zhaopin.com/CC000639950J40591919815.htm?refcode=4019&srccode=&preactionid=,上海威士顿信息技术股份有限公司,上市公司,300-499人,上海-浦东,
中高级java-线下面试一周到岗,3-5年,本科,1.5万-1.7万,暂无信息,http://jobs.zhaopin.com/CC665594320J40502803710.htm?refcode=4019&srccode=&preactionid=,舟恩信息,民营,20-99人,上海-浦东,"CSS,Javascript,Spring,MySQL,Oracle"
java开发-急招-浦发银行算子库&隐私计算,3-5年,大专,1.3万-1.7万,暂无信息,http://jobs.zhaopin.com/CCL1289361510J40541040001.htm?refcode=4019&srccode=&preactionid=,深圳南区人瑞人力资源服务有限公司,上市公司,10000人以上,上海-虹口,"Spring,严谨，重视CODE REVIEW,MySQL,NoSQL,Oracle,熟悉REDIS,KAFKA等"
对日java开发工程师,经验不限,学历不限,1万-2万,暂无信息,http://jobs.zhaopin.com/CC272317030J40411176913.htm?refcode=4019&srccode=&preactionid=,杭州优灿科技有限公司,合资,500-999人,上海-徐汇,"Java,Vue,日语"
java开发工程师,3-5年,本科,1.1万-2万,暂无信息,http://jobs.zhaopin.com/CC384996630J40189448004.htm?refcode=4019&srccode=&preactionid=,上海儒一信息科技有限公司,民营,100-299人,上海-浦东,"Java,Spring,MyBatis,HTML5"
java全栈工程师,5-10年,本科,1.2万-1.8万,13薪,http://jobs.zhaopin.com/CC383481830J40515234209.htm?refcode=4019&srccode=&preactionid=,泼猴信息技术(上海)有限公司,民营,20人以下,上海-浦东,"Java,微服务架构,多进程,全栈开发,MySQL,Oracle,SQL Server"
初级java开发工程师,1-3年,本科,9千-1.1万,暂无信息,http://jobs.zhaopin.com/CCL1214458630J40431815210.htm?refcode=4019&srccode=&preactionid=,百乐元(大连)科技有限公司,民营,20-99人,上海-浦东,"SpringCloud,SpringBoot"
java 开发-保险-漕河泾,3-5年,大专,1.3万-1.5万,暂无信息,http://jobs.zhaopin.com/CC157840520J40494418616.htm?refcode=4019&srccode=&preactionid=,上海复深蓝软件股份有限公司,上市公司,1000-9999人,上海-徐汇,"Java,Spring,Oracle,保险 太保,寿险 产险 JAVA开发,车险 JAVA 开发,Redis"
java开发工程师,1-3年,本科,1万-1.8万,13薪,http://jobs.zhaopin.com/CC459568310J40152290216.htm?refcode=4019&srccode=&preactionid=,上海澎博财经资讯有限公司,民营,100-299人,上海-浦东,"Java,SQL,HTML,CSS,JavaScript,SpringBoot,SpringCloud,JSP"
java开发工程师,1-3年,大专,1.2万-1.8万,暂无信息,http://jobs.zhaopin.com/CZ751446980J00258946703.htm?refcode=4019&srccode=&preactionid=,上海颖源信息科技有限公司,其它,暂无信息,上海-普陀,"Java,JS,Javascript,MySQL,SQL"
java开发工程师,经验不限,本科,1.6万-2.9万,14薪,http://jobs.zhaopin.com/CC138117190J40411596805.htm?refcode=4019&srccode=&preactionid=,外企德科,合资,1000-9999人,上海-浦东,"全栈开发,后端开发,SpringBoot,SpringCloud,SpringMVC,SSH,Java,Python"
java全栈工程师,5-10年,本科,1.6万-2.5万,暂无信息,http://jobs.zhaopin.com/CC577687780J40506079707.htm?refcode=4019&srccode=&preactionid=,谷界软件科技(上海)有限公司,民营,20人以下,上海-嘉定,"Java,前端开发,后端开发,全栈开发,SpringBoot,SpringCloud,EMS系统,Vue,SVN"
java开发工程师,5-10年,本科,1.4万-1.9万,13薪,http://jobs.zhaopin.com/CC360846110J40560057414.htm?refcode=4019&srccode=&preactionid=,申朴信息,民营,500-999人,上海-浦东,"JavaScript,Java"
java开发工程师（上海）,3-5年,本科,1.2万-2万,暂无信息,http://jobs.zhaopin.com/CC597878020J40470958206.htm?refcode=4019&srccode=&preactionid=,北京永生鼎立信息技术有限公司,合资,100-299人,上海-浦东,"SpringBoot,API,MySQL,Redis"
java开发工程师（13薪+各项福利）,3-5年,本科,1.4万-2.1万,13薪,http://jobs.zhaopin.com/CC143806550J40397203514.htm?refcode=4019&srccode=&preactionid=,深圳市紫川软件有限公司,民营,500-999人,上海-浦东,"RabbitMQ,Java,SpringBoot,SpringCloud,微服务架构,分布式技术,多线程,Python"
java工程师/五险一金/周末双休,1-3年,本科,1.7万-2.5万,13薪,http://jobs.zhaopin.com/CCL1221463090J40519224007.htm?refcode=4019&srccode=&preactionid=,上饶市兰诺瑞科技有限公司,民营,20-99人,上海-浦东,"全栈开发,后端开发,前端开发"
java架构师,3-5年,本科,1.3万-2.5万,13薪,http://jobs.zhaopin.com/CC158448920J40389325716.htm?refcode=4019&srccode=&preactionid=,上海晨晓电子科技有限公司,民营,100-299人,上海-徐汇,"后端开发,Java,SpringBoot,Mybatis,Struts,分布式技术,多线程,消息队列"
java开发工程师,3-5年,大专,1.2万-2万,暂无信息,http://jobs.zhaopin.com/CCL1239565050J40395087413.htm?refcode=4019&srccode=&preactionid=,西安爱智众合信息技术有限公司,民营,100-299人,上海-浦东,"后端开发,Oracle,Javascript,JAVA/J2EE编程,JSP、SERVLET、JDBC,Java"
java嘉定,5-10年,本科,2.5万-2.6万,暂无信息,http://jobs.zhaopin.com/CC822884050J40483934004.htm?refcode=4019&srccode=&preactionid=,大连众和众科技有限公司,民营,100-299人,上海-浦东,
java开发工程师,1-3年,本科,6千-1万,13薪,http://jobs.zhaopin.com/CC120160390J40175826516.htm?refcode=4019&srccode=&preactionid=,中科软科技股份有限公司,股份制企业,1000-9999人,上海-静安,"Java,Hadoop,SQL,Linux,Python"
java技术经理,5-10年,硕士,2.5万-3.5万,暂无信息,http://jobs.zhaopin.com/CC886863660J40582944815.htm?refcode=4019&srccode=&preactionid=,上海金轩数字科技有限公司,民营,20-99人,上海-浦东,"Java,JavaScript,Node.js,Python,微服务架构,全栈开发"
java开发工程师,1-3年,本科,1.3万-1.9万,暂无信息,http://jobs.zhaopin.com/CC681874930J40169754402.htm?refcode=4019&srccode=&preactionid=,西信科技有限公司,民营,100-299人,上海-黄浦,"Java,Spring,MyBatis,Web前端"
上海java开发工程师,1-3年,大专,1.2万-1.3万,暂无信息,http://jobs.zhaopin.com/CC445384710J40510231108.htm?refcode=4019&srccode=&preactionid=,郑州乐驰软件科技有限公司,民营,20-99人,上海-徐汇,"Spring,Mybatis,PostgreSQL,MySQL,Oracle"
java工程师,1-3年,本科,8千-1.2万,暂无信息,http://jobs.zhaopin.com/CC434031920J90250316000.htm?refcode=4019&srccode=&preactionid=,康嘉信息,民营,20-99人,上海-浦东,"jQuery,Spring,SpringBoot,后端开发"
高级java开发,1-3年,大专,2万-3万,暂无信息,http://jobs.zhaopin.com/CCL1343356340J40492864912.htm?refcode=4019&srccode=&preactionid=,上海晨钦信息科技服务有限公司,上市公司,1000-9999人,上海-浦东,"后端开发,Spring,MySQL"
java软件开发工程师(仅招2024应届生）,无经验,本科,8千-1万,暂无信息,http://jobs.zhaopin.com/CC844509560J40476538313.htm?refcode=4019&srccode=&preactionid=,上海广为电器集团有限公司,民营,500-999人,上海-闵行,MySQL
java-浦发-统招-能做测评,3-5年,大专,1.5万-1.7万,暂无信息,http://jobs.zhaopin.com/CC665594320J40503278310.htm?refcode=4019&srccode=&preactionid=,舟恩信息,民营,20-99人,上海-浦东,"Java,Spring,Struts,Oracle,MySQL"
java开发工程师（2024届校园招聘）,无经验,本科,150-200/天,暂无信息,http://jobs.zhaopin.com/CC120072230J40341325708.htm?refcode=4019&srccode=&preactionid=,新意科技,外商独资,500-999人,上海-普陀,"后端开发,Java,SpringBoot,SpringMVC"
java 开发工程师,3-5年,本科,1.5万-2.5万,暂无信息,http://jobs.zhaopin.com/CC230665710J40405314609.htm?refcode=4019&srccode=&preactionid=,上海磊璨信息科技有限公司,民营,20-99人,上海-杨浦,后端开发
java外企,3-5年,本科,1.5万-1.6万,暂无信息,http://jobs.zhaopin.com/CC822884050J40422458504.htm?refcode=4019&srccode=&preactionid=,大连众和众科技有限公司,民营,100-299人,上海-浦东,英文好一点
急招java软件工程师（工作地点:日本）半年调薪，薪资可详聊,3-5年,本科,1.5万-3万,暂无信息,http://jobs.zhaopin.com/CC324818230J40324738102.htm?refcode=4019&srccode=&preactionid=,アイピーエス株式会社,股份制企业,20-99人,上海-黄浦,".NET,C#,Python,Android移动开发,Java,MySQL数据库,软件工程师"
java中级开发工程师-驻场,3-5年,本科,1.8万-2.2万,暂无信息,http://jobs.zhaopin.com/CC578411030J40280030011.htm?refcode=4019&srccode=&preactionid=,道康互联(北京)数据科技有限公司,合资,20-99人,上海-闵行,"Spring,Java,微服务架构,Mybatis"
java开发（初中级）,3-5年,本科,1.3万-1.7万,暂无信息,http://jobs.zhaopin.com/CC315847110J40487506207.htm?refcode=4019&srccode=&preactionid=,京北方,民营,10000人以上,上海-浦东,"后端开发,金融项目,二代支付"
java后端开发工程师,3-5年,本科,1.6万-3万,暂无信息,http://jobs.zhaopin.com/CC120479050J40592133815.htm?refcode=4019&srccode=&preactionid=,上海建筑设计研究院有限公司,国企,1000-9999人,上海-静安,Java
java开发工程师,1-3年,本科,1万-1.5万,14薪,http://jobs.zhaopin.com/CC352211620J40502008103.htm?refcode=4019&srccode=&preactionid=,上海中汇亿达金融信息技术有限公司,国企,500-999人,上海-浦东,Java
java开发（美团+六险一金+双休）,3-5年,本科,1.7万-1.8万,暂无信息,http://jobs.zhaopin.com/CC120817710J40423780101.htm?refcode=4019&srccode=&preactionid=,纬创软件,港澳台公司,1000-9999人,上海-杨浦,"后端开发,SpringBoot,SpringCloud"
java/JS/python/C、C++/算法（通用类开发）,经验不限,本科,1.5万-3万,14薪,http://jobs.zhaopin.com/CC138117190J40414917405.htm?refcode=4019&srccode=&preactionid=,外企德科,合资,1000-9999人,上海-浦东,"后端开发,WEB开发,全栈开发"
java开发（国企/管饭/金蝶ERP）,5-10年,本科,2万-2.5万,暂无信息,http://jobs.zhaopin.com/CCL1343356340J40550564912.htm?refcode=4019&srccode=&preactionid=,上海晨钦信息科技服务有限公司,上市公司,1000-9999人,上海-黄浦,"Java,Javascript,Spring,微服务,MySQL"
中级java工程师（短期）,3-5年,本科,1万-1.8万,暂无信息,http://jobs.zhaopin.com/CC693892520J40487884504.htm?refcode=4019&srccode=&preactionid=,北京易博中天科技有限公司,民营,20-99人,上海-浦东,K8s
java开发初级,1-3年,本科,面议,暂无信息,http://jobs.zhaopin.com/CC508620120J40209137012.htm?refcode=4019&srccode=&preactionid=,中软国际,上市公司,10000人以上,上海-浦东,"Java,MyBatis,Spring"
java全栈开发工程师,5-10年,本科,1.5万-3万,暂无信息,http://jobs.zhaopin.com/CC000429170J40479445013.htm?refcode=4019&srccode=&preactionid=,万达信息,民营,1000-9999人,上海-闵行,Java
java高级开发工程师,3-5年,本科,1.6万-2万,13薪,http://jobs.zhaopin.com/CC132479430J40484904715.htm?refcode=4019&srccode=&preactionid=,上海城市地理信息系统发展有限公司,国企,100-299人,上海-徐汇,后端开发
java工程师,经验不限,本科,8千-1.5万,暂无信息,http://jobs.zhaopin.com/CC315847110J40497161207.htm?refcode=4019&srccode=&preactionid=,京北方,民营,10000人以上,上海-浦东,"银行,金融项目"
高级java开发,5-10年,大专,1.5万-2万,暂无信息,http://jobs.zhaopin.com/CC189666010J40484958702.htm?refcode=4019&srccode=&preactionid=,上海西信信息科技股份有限公司,合资,300-499人,上海-闵行,"Spring,SpringBoot,SpringCloud,后端开发,前端开发,全栈开发"
java开发工程师（互联网金融方向）,3-5年,本科,1.3万-1.5万,暂无信息,http://jobs.zhaopin.com/CCL1348731720J40497674111.htm?refcode=4019&srccode=&preactionid=,成都松祥科技有限公司,民营,20-99人,上海-浦东,Spring
java开发工程师,1-3年,本科,8千-1万,暂无信息,http://jobs.zhaopin.com/CCL1266871930J40336855107.htm?refcode=4019&srccode=&preactionid=,上海商琦科技有限公司,民营,20-99人,上海-嘉定,Java
java开发工程师/数据平台,3-5年,大专,1.7万-3万,暂无信息,http://jobs.zhaopin.com/CCL1365251880J40508021503.htm?refcode=4019&srccode=&preactionid=,无锡卓佳网络科技有限公司,合资,100-299人,上海-杨浦,"Spring,MySQL,Oracle"
高级java开发工程师,5-10年,本科,2万-2.5万,暂无信息,http://jobs.zhaopin.com/CC302903980J40531880307.htm?refcode=4019&srccode=&preactionid=,上海信息人才服务有限公司,国企,100-299人,上海-浦东,"Spring,容器开发"
java开发工程师中级（提供住宿）,3-5年,本科,1.1万-1.7万,暂无信息,http://jobs.zhaopin.com/CC547900620J40546468512.htm?refcode=4019&srccode=&preactionid=,上海赞华实业有限公司,民营,100-299人,上海-浦东,"Javascript,Spring,MySQL"
java开发工程师,3-5年,本科,1.3万-2.2万,暂无信息,http://jobs.zhaopin.com/CC443657520J40333991009.htm?refcode=4019&srccode=&preactionid=,中电金信软件有限公司,国企,10000人以上,上海-浦东,后端开发
上海高级java 开发（IOT物联网平台或物流）,5-10年,大专,1.6万-2.2万,暂无信息,http://jobs.zhaopin.com/CC196911810J40591209015.htm?refcode=4019&srccode=&preactionid=,北京腾信软创科技股份有限公司,股份制企业,1000-9999人,上海-静安,IOT物联网平台或物流
java开发工程师,1-3年,大专,1万-1.3万,暂无信息,http://jobs.zhaopin.com/CCL1343356340J40542139412.htm?refcode=4019&srccode=&preactionid=,上海晨钦信息科技服务有限公司,上市公司,1000-9999人,上海-浦东,Javascript
迪卡侬 IT Senior java Developer for Production 上海虹桥,5-10年,学历不限,1.5万-2万,暂无信息,http://jobs.zhaopin.com/CC000468440J40108641304.htm?refcode=4019&srccode=&preactionid=,迪卡侬体育用品有限公司(Decathlon),外商独资,10000人以上,上海-长宁,"Java,PostgreSQL,Kafka"
java开发岗-上海,3-5年,本科,1.2万-1.8万,13薪,http://jobs.zhaopin.com/CC364481520J40406291201.htm?refcode=4019&srccode=&preactionid=,北明软件,上市公司,1000-9999人,上海-浦东,"SpringBoot,SpringCloud,后端开发,Java,微服务架构"
java开发工程师课程/培训招生上海,经验不限,大专,8千-1.2万,暂无信息,http://jobs.zhaopin.com/CC145362720J40353606102.htm?refcode=4019&srccode=&preactionid=,51Testing,民营,100-299人,上海-黄浦,"电气机械项目,物联网项目,硬件项目,汽车项目,通信项目"
java开发工程师,1-3年,本科,1.4万-1.8万,暂无信息,http://jobs.zhaopin.com/CC302903980J40528301607.htm?refcode=4019&srccode=&preactionid=,上海信息人才服务有限公司,国企,100-299人,上海-徐汇,"Spring,后端开发"
java开发（需金融经验，现场面试）,5-10年,本科,1.6万-1.8万,暂无信息,http://jobs.zhaopin.com/CC157840520J40463956516.htm?refcode=4019&srccode=&preactionid=,上海复深蓝软件股份有限公司,上市公司,1000-9999人,上海-黄浦,后端开发
java工程师,3-5年,本科,2万-3.5万,暂无信息,http://jobs.zhaopin.com/CCL1214993330J40134205801.htm?refcode=4019&srccode=&preactionid=,上海赞魅国际物流有限公司,民营,20-99人,上海-静安,"Java,Spring,MySQL"
物联网云平台架构师/java高级开发工程师,10年以上,本科,2万-2.5万,暂无信息,http://jobs.zhaopin.com/CCL1401570840J40444940902.htm?refcode=4019&srccode=&preactionid=,亿威森智能科技(上海)有限公司,合资,20人以下,上海-闵行,
高级java工程师（双休、年终奖）,经验不限,本科,1.5万-3万,16薪,http://jobs.zhaopin.com/CC138117190J40433537605.htm?refcode=4019&srccode=&preactionid=,外企德科,合资,1000-9999人,上海-浦东,"后端开发,全栈开发"
java开发专家（大数据架构师）(J10995),经验不限,本科,2.3万-3.5万,15薪,http://jobs.zhaopin.com/CC000439650J40492849807.htm?refcode=4019&srccode=&preactionid=,中芯国际集成电路制造(上海)有限公司,上市公司,10000人以上,上海-浦东,Java
java软件开发工程师 14薪,3-5年,本科,1.5万-3万,14薪,http://jobs.zhaopin.com/CCL1323094150J40492324706.htm?refcode=4019&srccode=&preactionid=,成都佳伊聘科技有限公司,民营,20-99人,上海-长宁,"Spring,Mybatis,MySQL,Redis"
软件测试实习生（2024届可转正留用）,无经验,本科,3千-6千,暂无信息,http://jobs.zhaopin.com/CC557611280J40492095711.htm?refcode=4019&srccode=&preactionid=,上海无学网络科技有限公司,合资,100-299人,上海-徐汇,"功能测试,系统测试,Java,Python,PHP"
java架构师（松江）,5-10年,本科,3万-4万,暂无信息,http://jobs.zhaopin.com/CC000024570J40498645008.htm?refcode=4019&srccode=&preactionid=,格尔软件,上市公司,500-999人,上海-松江,"Java,WEB"
高级java工程师,5-10年,本科,2.5万-3.5万,13薪,http://jobs.zhaopin.com/CC547043180J40512897003.htm?refcode=4019&srccode=&preactionid=,上海创景信息科技有限公司,民营,100-299人,上海-浦东,"Spring,SPRING BOOT,SPRING CLOUD,SQLServer,NoSQL,工作流引擎开发经,ACTIVITI,CAMUNDA,Java"
java开发工程师,5-10年,本科,1.3万-1.4万,暂无信息,http://jobs.zhaopin.com/CC153170410J40299715102.htm?refcode=4019&srccode=&preactionid=,成都迈思信息技术有限公司,民营,1000-9999人,上海-闵行,"SpringBoot,SpringCloud"
java后端开发工程师,3-5年,本科,1.5万-2万,13薪,http://jobs.zhaopin.com/CC134921720J40496294409.htm?refcode=4019&srccode=&preactionid=,丹东东发(集团)股份有限公司,股份制企业,1000-9999人,上海-闵行,"Spring,SpringBoot,MyBatis,MySQL,SQLServer,Redis,全栈开发,后端开发"
java 开发（泛微OA+本科+低代码）,1-3年,本科,1.7万-2万,暂无信息,http://jobs.zhaopin.com/CC120137340J40520298709.htm?refcode=4019&srccode=&preactionid=,同方鼎欣科技股份有限公司,股份制企业,1000-9999人,上海-浦东,"Javascript,泛微,OA"
java工程师,3-5年,本科,1.5万-2万,暂无信息,http://jobs.zhaopin.com/CCL1211316810J40475343504.htm?refcode=4019&srccode=&preactionid=,上海亿戈网络科技有限公司,民营,300-499人,上海-浦东,
java开发工程师（上海）,3-5年,本科,1.1万-1.5万,暂无信息,http://jobs.zhaopin.com/CC142971790J40471059811.htm?refcode=4019&srccode=&preactionid=,南京迈特望科技股份有限公司,股份制企业,1000-9999人,上海-浦东,"Spring,银行"
java开发工程师 (MJ000867),3-5年,大专,8千-1.3万,暂无信息,http://jobs.zhaopin.com/CC222204410J40527405512.htm?refcode=4019&srccode=&preactionid=,首旅如家酒店,国企,10000人以上,上海-徐汇,Java
高级java开发工程师,5-10年,本科,2万-2.5万,暂无信息,http://jobs.zhaopin.com/CC871883930J40441435911.htm?refcode=4019&srccode=&preactionid=,上海浩方信息技术有限公司南京分公司,民营,1000-9999人,上海-徐汇,"Java,微服务架构"
软件开发工程师（C/C++/java/C#/Python）(上海·校招)(J10274),经验不限,硕士,面议,暂无信息,http://jobs.zhaopin.com/CC130728380J40484345008.htm?refcode=4019&srccode=&preactionid=,卡斯柯信号有限公司（CASCO）,合资,1000-9999人,上海-静安,"C++,C,C#,Python,Java"
java架构师,5-10年,大专,2万-3万,13薪,http://jobs.zhaopin.com/CC194212020J40438648504.htm?refcode=4019&srccode=&preactionid=,上海睿沃信息科技有限公司,民营,20-99人,上海-杨浦,"SpringBoot,SpringCloud,SpringMVC,电商项目,零售项目,AWS"
.NET开发实习生,无经验,大专,200-280/天,暂无信息,http://jobs.zhaopin.com/CC744061900J40453669413.htm?refcode=4019&srccode=&preactionid=,武汉博威管理咨询有限公司,外商独资,20-99人,上海-静安,"C#,VB.NET,ASP.NET,SQL Server,HTML,Java,SQL,XML"
上位机工程师（PC桌面端(java)）,1-3年,本科,8千-1.5万,暂无信息,http://jobs.zhaopin.com/CC200697280J40450513709.htm?refcode=4019&srccode=&preactionid=,上海冠显光电科技有限公司,民营,100-299人,上海-闵行,"前端开发,人工智能项目,C#JAVA"
中级java工程师,1-3年,本科,8千-1.6万,13薪,http://jobs.zhaopin.com/CCL1463287690J40515085107.htm?refcode=4019&srccode=&preactionid=,上海服智网络科技有限公司,民营,20-99人,上海-宝山,"SpringCloud,后端开发,MySQL"
java/前端/Python/C/C++/测试 全国多城市福利好,经验不限,本科,1.2万-2.4万,暂无信息,http://jobs.zhaopin.com/CC138117190J40508046505.htm?refcode=4019&srccode=&preactionid=,外企德科,合资,1000-9999人,上海-浦东,"C,Javascript,Spring"
数据开发（技术栈java）-上海,3-5年,本科,1万-1.6万,暂无信息,http://jobs.zhaopin.com/CC139612110J40544350812.htm?refcode=4019&srccode=&preactionid=,黑龙江海康软件工程有限公司,股份制企业,500-999人,上海-浦东,Java
java开发工程师,3-5年,本科,1万-1.2万,暂无信息,http://jobs.zhaopin.com/CC595880620J40518009708.htm?refcode=4019&srccode=&preactionid=,上海威田资产管理有限公司,民营,500-999人,上海-嘉定,
高级java工程师,5-10年,大专,1.5万-2万,暂无信息,http://jobs.zhaopin.com/CCL1463054260J40503340914.htm?refcode=4019&srccode=&preactionid=,皓炼投资(深圳)有限公司,民营,20-99人,上海-杨浦,全栈开发
java WEB开发工程师,1-3年,本科,1万-2万,暂无信息,http://jobs.zhaopin.com/CC000429170J40475077513.htm?refcode=4019&srccode=&preactionid=,万达信息,民营,1000-9999人,上海-闵行,
java工程师（上海）,3-5年,本科,8千-1.6万,暂无信息,http://jobs.zhaopin.com/CC536486630J40488651306.htm?refcode=4019&srccode=&preactionid=,杭州众望科技有限公司,民营,500-999人,上海-浦东,"Python,Spring"
java开发,3-5年,本科,1万-2万,暂无信息,http://jobs.zhaopin.com/CC332603430J40096254111.htm?refcode=4019&srccode=&preactionid=,口袋云,民营,100-299人,上海-浦东,"Java,PHP,Javascript,jQuery"
中级java开发工程师（上海）,1-3年,大专,8千-1万,暂无信息,http://jobs.zhaopin.com/CC701358820J40534806514.htm?refcode=4019&srccode=&preactionid=,深圳微品致远信息科技有限公司,民营,500-999人,上海-杨浦,后端开发
java开发工程师,5-10年,本科,1.5万-1.8万,暂无信息,http://jobs.zhaopin.com/CC434031920J40529233815.htm?refcode=4019&srccode=&preactionid=,康嘉信息,民营,20-99人,上海-浦东,"SpringBoot,SpringCloud,SpringMVC,后端开发,MyBatis,MySQL,Oracle"
java工程师,3-5年,大专,1.4万-1.6万,暂无信息,http://jobs.zhaopin.com/CC571965234J00465105604.htm?refcode=4019&srccode=&preactionid=,江苏智蓝信息科技有限公司,民营,1000-9999人,上海-浦东,"Java,MySQL,分布式,多线程"
java技术专家/交易平台-寄,5-10年,本科,4万-8万,16薪,http://jobs.zhaopin.com/CCL1365251880J40508353603.htm?refcode=4019&srccode=&preactionid=,无锡卓佳网络科技有限公司,合资,100-299人,上海-杨浦,"Oracle,MySQL,Spring,Mybatis,Struts"
java开发,1-3年,大专,1万-1.5万,暂无信息,http://jobs.zhaopin.com/CCL1214458630J40507602310.htm?refcode=4019&srccode=&preactionid=,百乐元(大连)科技有限公司,民营,20-99人,上海-浦东,"Spring,Redis"
高级java开发工程师,3-5年,本科,1.5万-2万,暂无信息,http://jobs.zhaopin.com/CCL1343356340J40492747112.htm?refcode=4019&srccode=&preactionid=,上海晨钦信息科技服务有限公司,上市公司,1000-9999人,上海-浦东,MySQL
java开发工程师-应届生（可线上面试）,无经验,本科,8千-1.6万,14薪,http://jobs.zhaopin.com/CC432641810J40096396101.htm?refcode=4019&srccode=&preactionid=,上海英方软件股份有限公司,上市公司,500-999人,上海-闵行,Java
