java开发工程师,经验1年以下,本科,7k-12k,,,希正科技, 未融资 , 15-50人,高新园区,"软件服务｜咨询,全栈工程师"
2024 Java Intern_Travel Team (Java实习生),经验在校,应届,3k-4k,,,乐天创研（北京）科技有限公司, 未融资 , 15-50人,高新园区,"软件服务｜咨询,全栈工程师"
Java开发工程师,经验不限,大专,5k-6k,,,大连高新园区思睿创联计算机软件开发有限公司, 未融资 , 15-50人,高新园区,"软件服务｜咨询,全栈工程师"
赴日Java软件开发工程师,经验3-5年,大专,20k-40k,,,欧梯希软件（郑州）, 未融资 , 15-50人,高新园区,"软件服务｜咨询,全栈工程师"
对日Java软件开发工程师,经验3-5年,大专,20k-40k,,,欧梯希软件（郑州）, 未融资 , 15-50人,高新园区,"软件服务｜咨询,全栈工程师"
对日Java开发工程师（SE）,经验3-5年,本科,8k-12k,,,bbx, 未融资 , 15-50人,高新园区,"软件服务｜咨询,全栈工程师"
Java开发工程师实习生,经验在校,应届,4k-6k,,,大连高新园区思睿创联计算机软件开发有限公司, 未融资 , 15-50人,高新园区,"软件服务｜咨询,全栈工程师"
Java工程师,经验1-3年,本科,12k-22k,,,前程无忧大连招聘项目组, 未融资 , 15-50人,高新园区,"软件服务｜咨询,全栈工程师"
Java,经验5-10年,本科,20k-35k,,,日通科技, 未融资 , 15-50人,高新园区,"软件服务｜咨询,全栈工程师"
高级java开发工程师,经验5-10年,本科,20k-30k,,,日通科技, 未融资 , 15-50人,高新园区,"软件服务｜咨询,全栈工程师"
Java开发工程师,经验3-5年,本科,15k-30k,,,大连超胜信息服务有限公司, 未融资 , 15-50人,高新园区,"软件服务｜咨询,全栈工程师"
高级java开发工程师,经验10年以上,本科,12k-20k,,,允执科技, 未融资 , 15-50人,高新园区,"软件服务｜咨询,全栈工程师"
Java工程师,经验5-10年,本科,15k-20k,,,东方微银, 未融资 , 15-50人,高新园区,"软件服务｜咨询,全栈工程师"
高级java开发工程师,经验不限,本科,10k-15k,,,诺星智, 未融资 , 15-50人,高新园区,"软件服务｜咨询,全栈工程师"
java开发工程师,经验3-5年,本科,15k-25k,,,利唐信息, 未融资 , 15-50人,高新园区,"软件服务｜咨询,全栈工程师"
java开发工程师,经验1年以下,本科,7k-12k,,,希正科技, 未融资 , 15-50人,高新园区,"软件服务｜咨询,全栈工程师"
2024 Java Intern_Travel Team (Java实习生),经验在校,应届,3k-4k,,,乐天创研（北京）科技有限公司, 未融资 , 15-50人,高新园区,"软件服务｜咨询,全栈工程师"
Java开发工程师,经验不限,大专,5k-6k,,,大连高新园区思睿创联计算机软件开发有限公司, 未融资 , 15-50人,高新园区,"软件服务｜咨询,全栈工程师"
赴日Java软件开发工程师,经验3-5年,大专,20k-40k,,,欧梯希软件（郑州）, 未融资 , 15-50人,高新园区,"软件服务｜咨询,全栈工程师"
对日Java软件开发工程师,经验3-5年,大专,20k-40k,,,欧梯希软件（郑州）, 未融资 , 15-50人,高新园区,"软件服务｜咨询,全栈工程师"
对日Java开发工程师（SE）,经验3-5年,本科,8k-12k,,,bbx, 未融资 , 15-50人,高新园区,"软件服务｜咨询,全栈工程师"
Java开发工程师实习生,经验在校,应届,4k-6k,,,大连高新园区思睿创联计算机软件开发有限公司, 未融资 , 15-50人,高新园区,"软件服务｜咨询,全栈工程师"
Java工程师,经验1-3年,本科,12k-22k,,,前程无忧大连招聘项目组, 未融资 , 15-50人,高新园区,"软件服务｜咨询,全栈工程师"
Java,经验5-10年,本科,20k-35k,,,日通科技, 未融资 , 15-50人,高新园区,"软件服务｜咨询,全栈工程师"
高级java开发工程师,经验5-10年,本科,20k-30k,,,日通科技, 未融资 , 15-50人,高新园区,"软件服务｜咨询,全栈工程师"
Java开发工程师,经验3-5年,本科,15k-30k,,,大连超胜信息服务有限公司, 未融资 , 15-50人,高新园区,"软件服务｜咨询,全栈工程师"
高级java开发工程师,经验10年以上,本科,12k-20k,,,允执科技, 未融资 , 15-50人,高新园区,"软件服务｜咨询,全栈工程师"
Java工程师,经验5-10年,本科,15k-20k,,,东方微银, 未融资 , 15-50人,高新园区,"软件服务｜咨询,全栈工程师"
高级java开发工程师,经验不限,本科,10k-15k,,,诺星智, 未融资 , 15-50人,高新园区,"软件服务｜咨询,全栈工程师"
java开发工程师,经验3-5年,本科,15k-25k,,,利唐信息, 未融资 , 15-50人,高新园区,"软件服务｜咨询,全栈工程师"
